x,y
134,-9
123,-10
126,-10
127,-10
128,-10
129,-10
130,-10
131,-10
132,-10
133,-10
135,-10
136,-10
137,-10
138,-10
118,-11
119,-11
121,-11
122,-11
124,-11
125,-11
126,-11
139,-11
140,-11
117,-12
120,-12
141,-12
142,-12
143,-12
144,-12
145,-12
146,-12
147,-12
148,-12
117,-13
149,-13
150,-13
114,-14
115,-14
116,-14
123,-14
124,-14
150,-14
151,-14
152,-14
153,-14
155,-14
156,-14
157,-14
158,-14
159,-14
110,-15
112,-15
113,-15
122,-15
123,-15
154,-15
159,-15
160,-15
161,-15
162,-15
163,-15
164,-15
165,-15
166,-15
167,-15
168,-15
169,-15
171,-15
172,-15
173,-15
177,-15
178,-15
179,-15
180,-15
108,-16
109,-16
111,-16
122,-16
169,-16
170,-16
171,-16
173,-16
174,-16
175,-16
176,-16
180,-16
181,-16
185,-16
186,-16
187,-16
188,-16
102,-17
103,-17
104,-17
105,-17
106,-17
107,-17
122,-17
181,-17
182,-17
183,-17
184,-17
189,-17
190,-17
192,-17
193,-17
194,-17
195,-17
102,-18
121,-18
191,-18
196,-18
197,-18
198,-18
199,-18
120,-19
121,-19
200,-19
201,-19
210,-19
211,-19
99,-20
100,-20
101,-20
102,-20
119,-20
120,-20
201,-20
202,-20
204,-20
205,-20
206,-20
207,-20
209,-20
97,-21
98,-21
203,-21
207,-21
208,-21
209,-21
211,-21
213,-21
214,-21
93,-22
96,-22
211,-22
212,-22
214,-22
215,-22
222,-22
223,-22
91,-23
92,-23
94,-23
95,-23
215,-23
216,-23
217,-23
218,-23
219,-23
220,-23
221,-23
224,-23
89,-24
90,-24
225,-24
88,-25
89,-25
225,-25
226,-25
85,-26
86,-26
87,-26
88,-26
226,-26
227,-26
85,-27
228,-27
229,-27
230,-27
83,-28
84,-28
85,-28
230,-28
231,-28
81,-29
82,-29
231,-29
77,-30
78,-30
79,-30
80,-30
232,-30
234,-30
235,-30
236,-30
77,-31
232,-31
233,-31
234,-31
236,-31
75,-32
76,-32
237,-32
73,-33
74,-33
77,-33
237,-33
238,-33
72,-34
239,-34
240,-34
241,-34
71,-35
242,-35
243,-35
70,-36
243,-36
244,-36
69,-37
244,-37
245,-37
67,-38
68,-38
246,-38
247,-38
66,-39
248,-39
249,-39
62,-40
63,-40
64,-40
65,-40
249,-40
250,-40
251,-40
60,-41
61,-41
62,-41
252,-41
253,-41
58,-42
59,-42
253,-42
254,-42
57,-43
58,-43
254,-43
55,-44
56,-44
256,-44
54,-45
55,-45
254,-45
255,-45
257,-45
258,-45
54,-46
259,-46
260,-46
53,-47
260,-47
261,-47
52,-48
53,-48
261,-48
262,-48
49,-49
50,-49
51,-49
262,-49
263,-49
48,-50
49,-50
93,-50
264,-50
265,-50
266,-50
45,-51
46,-51
47,-51
88,-51
89,-51
90,-51
91,-51
92,-51
94,-51
95,-51
96,-51
97,-51
98,-51
99,-51
267,-51
43,-52
44,-52
46,-52
84,-52
85,-52
86,-52
87,-52
99,-52
101,-52
267,-52
41,-53
42,-53
81,-53
82,-53
83,-53
84,-53
100,-53
267,-53
269,-53
270,-53
40,-54
41,-54
79,-54
80,-54
100,-54
101,-54
270,-54
271,-54
38,-55
39,-55
77,-55
78,-55
79,-55
101,-55
272,-55
273,-55
38,-56
74,-56
75,-56
76,-56
77,-56
101,-56
274,-56
35,-57
36,-57
38,-57
73,-57
74,-57
102,-57
103,-57
274,-57
35,-58
73,-58
103,-58
275,-58
276,-58
34,-59
73,-59
103,-59
277,-59
278,-59
34,-60
35,-60
72,-60
73,-60
103,-60
279,-60
280,-60
33,-61
72,-61
103,-61
280,-61
32,-62
33,-62
72,-62
103,-62
104,-62
105,-62
281,-62
282,-62
283,-62
284,-62
30,-63
31,-63
32,-63
72,-63
103,-63
105,-63
284,-63
29,-64
72,-64
105,-64
284,-64
28,-65
72,-65
105,-65
285,-65
27,-66
28,-66
72,-66
105,-66
286,-66
287,-66
288,-66
289,-66
290,-66
291,-66
26,-67
73,-67
105,-67
106,-67
291,-67
25,-68
72,-68
106,-68
107,-68
291,-68
25,-69
27,-69
28,-69
72,-69
108,-69
109,-69
291,-69
292,-69
24,-70
28,-70
29,-70
30,-70
31,-70
73,-70
109,-70
293,-70
294,-70
295,-70
24,-71
31,-71
73,-71
74,-71
109,-71
295,-71
296,-71
23,-72
32,-72
74,-72
109,-72
296,-72
297,-72
23,-73
32,-73
33,-73
74,-73
109,-73
298,-73
299,-73
300,-73
301,-73
302,-73
22,-74
23,-74
33,-74
34,-74
35,-74
36,-74
37,-74
74,-74
109,-74
110,-74
302,-74
21,-75
22,-75
37,-75
74,-75
111,-75
112,-75
302,-75
19,-76
20,-76
22,-76
37,-76
74,-76
75,-76
76,-76
112,-76
302,-76
303,-76
19,-77
37,-77
38,-77
39,-77
76,-77
77,-77
112,-77
113,-77
125,-77
303,-77
304,-77
19,-78
40,-78
41,-78
77,-78
78,-78
113,-78
114,-78
115,-78
116,-78
125,-78
304,-78
305,-78
306,-78
307,-78
308,-78
19,-79
20,-79
41,-79
78,-79
79,-79
116,-79
124,-79
308,-79
309,-79
20,-80
41,-80
80,-80
81,-80
82,-80
117,-80
124,-80
309,-80
310,-80
19,-81
41,-81
42,-81
82,-81
83,-81
117,-81
118,-81
119,-81
123,-81
310,-81
311,-81
19,-82
42,-82
43,-82
44,-82
83,-82
91,-82
118,-82
119,-82
123,-82
124,-82
310,-82
312,-82
313,-82
314,-82
18,-83
19,-83
44,-83
45,-83
46,-83
84,-83
85,-83
86,-83
87,-83
88,-83
90,-83
123,-83
127,-83
128,-83
129,-83
315,-83
17,-84
46,-84
47,-84
89,-84
90,-84
91,-84
92,-84
93,-84
94,-84
124,-84
125,-84
126,-84
127,-84
129,-84
130,-84
316,-84
317,-84
16,-85
47,-85
48,-85
49,-85
91,-85
94,-85
95,-85
96,-85
97,-85
98,-85
99,-85
100,-85
109,-85
130,-85
317,-85
318,-85
16,-86
49,-86
50,-86
51,-86
90,-86
101,-86
104,-86
105,-86
106,-86
107,-86
108,-86
110,-86
111,-86
130,-86
131,-86
132,-86
318,-86
319,-86
17,-87
51,-87
52,-87
90,-87
111,-87
132,-87
133,-87
134,-87
135,-87
136,-87
137,-87
138,-87
320,-87
321,-87
17,-88
52,-88
90,-88
111,-88
112,-88
139,-88
140,-88
321,-88
18,-89
52,-89
53,-89
54,-89
55,-89
90,-89
112,-89
113,-89
140,-89
141,-89
142,-89
143,-89
322,-89
19,-90
20,-90
21,-90
57,-90
90,-90
113,-90
143,-90
144,-90
323,-90
22,-91
23,-91
55,-91
58,-91
90,-91
113,-91
114,-91
144,-91
145,-91
146,-91
147,-91
148,-91
324,-91
23,-92
55,-92
56,-92
90,-92
115,-92
148,-92
149,-92
150,-92
230,-92
231,-92
324,-92
325,-92
24,-93
25,-93
26,-93
27,-93
28,-93
58,-93
90,-93
115,-93
151,-93
228,-93
229,-93
326,-93
23,-94
28,-94
58,-94
59,-94
60,-94
89,-94
90,-94
116,-94
148,-94
149,-94
150,-94
151,-94
152,-94
227,-94
228,-94
327,-94
29,-95
60,-95
61,-95
62,-95
63,-95
89,-95
116,-95
117,-95
152,-95
153,-95
227,-95
327,-95
328,-95
29,-96
63,-96
64,-96
89,-96
117,-96
118,-96
154,-96
155,-96
329,-96
29,-97
30,-97
64,-97
65,-97
66,-97
89,-97
118,-97
155,-97
330,-97
31,-98
66,-98
67,-98
68,-98
89,-98
118,-98
119,-98
156,-98
331,-98
31,-99
32,-99
33,-99
34,-99
68,-99
69,-99
70,-99
71,-99
72,-99
89,-99
120,-99
156,-99
157,-99
332,-99
333,-99
34,-100
35,-100
72,-100
73,-100
89,-100
121,-100
157,-100
334,-100
335,-100
36,-101
72,-101
89,-101
121,-101
158,-101
159,-101
160,-101
335,-101
336,-101
37,-102
72,-102
73,-102
89,-102
120,-102
160,-102
161,-102
336,-102
37,-103
38,-103
39,-103
73,-103
74,-103
75,-103
89,-103
120,-103
121,-103
162,-103
163,-103
164,-103
337,-103
39,-104
40,-104
76,-104
77,-104
89,-104
122,-104
123,-104
124,-104
164,-104
165,-104
337,-104
338,-104
41,-105
42,-105
43,-105
44,-105
77,-105
78,-105
79,-105
89,-105
124,-105
125,-105
126,-105
165,-105
166,-105
339,-105
340,-105
45,-106
46,-106
79,-106
80,-106
88,-106
89,-106
126,-106
127,-106
167,-106
168,-106
340,-106
341,-106
342,-106
47,-107
48,-107
49,-107
80,-107
81,-107
88,-107
127,-107
128,-107
168,-107
169,-107
343,-107
344,-107
50,-108
81,-108
82,-108
88,-108
128,-108
169,-108
170,-108
344,-108
345,-108
50,-109
51,-109
82,-109
83,-109
88,-109
128,-109
129,-109
130,-109
131,-109
170,-109
345,-109
346,-109
52,-110
53,-110
83,-110
88,-110
131,-110
132,-110
170,-110
346,-110
54,-111
55,-111
83,-111
84,-111
132,-111
133,-111
170,-111
171,-111
347,-111
55,-112
85,-112
86,-112
87,-112
133,-112
171,-112
172,-112
173,-112
348,-112
349,-112
56,-113
87,-113
134,-113
173,-113
174,-113
175,-113
176,-113
177,-113
180,-113
349,-113
350,-113
56,-114
57,-114
58,-114
59,-114
87,-114
134,-114
135,-114
136,-114
138,-114
178,-114
179,-114
181,-114
182,-114
350,-114
56,-115
59,-115
60,-115
61,-115
87,-115
88,-115
89,-115
136,-115
137,-115
138,-115
139,-115
140,-115
182,-115
183,-115
351,-115
55,-116
61,-116
62,-116
86,-116
89,-116
90,-116
91,-116
92,-116
93,-116
140,-116
141,-116
183,-116
351,-116
352,-116
353,-116
55,-117
62,-117
63,-117
87,-117
93,-117
94,-117
141,-117
183,-117
185,-117
186,-117
187,-117
188,-117
354,-117
355,-117
54,-118
61,-118
64,-118
65,-118
87,-118
94,-118
95,-118
141,-118
142,-118
188,-118
189,-118
356,-118
357,-118
358,-118
359,-118
360,-118
54,-119
61,-119
65,-119
67,-119
68,-119
87,-119
95,-119
96,-119
142,-119
190,-119
361,-119
54,-120
61,-120
65,-120
68,-120
69,-120
88,-120
96,-120
97,-120
142,-120
143,-120
144,-120
145,-120
146,-120
149,-120
191,-120
192,-120
193,-120
194,-120
362,-120
54,-121
61,-121
65,-121
66,-121
69,-121
87,-121
97,-121
147,-121
148,-121
149,-121
150,-121
151,-121
152,-121
153,-121
191,-121
194,-121
362,-121
54,-122
61,-122
66,-122
69,-122
70,-122
87,-122
97,-122
153,-122
154,-122
155,-122
157,-122
158,-122
159,-122
190,-122
191,-122
195,-122
363,-122
364,-122
365,-122
366,-122
54,-123
61,-123
70,-123
87,-123
88,-123
156,-123
159,-123
160,-123
164,-123
195,-123
367,-123
368,-123
54,-124
61,-124
70,-124
71,-124
72,-124
73,-124
88,-124
98,-124
160,-124
161,-124
162,-124
163,-124
165,-124
166,-124
196,-124
368,-124
54,-125
61,-125
73,-125
88,-125
98,-125
99,-125
100,-125
101,-125
102,-125
166,-125
167,-125
168,-125
169,-125
170,-125
171,-125
195,-125
369,-125
54,-126
59,-126
60,-126
62,-126
73,-126
74,-126
75,-126
87,-126
88,-126
102,-126
103,-126
169,-126
171,-126
172,-126
195,-126
196,-126
369,-126
54,-127
59,-127
62,-127
75,-127
76,-127
87,-127
103,-127
104,-127
172,-127
173,-127
196,-127
370,-127
371,-127
54,-128
59,-128
60,-128
61,-128
62,-128
76,-128
77,-128
86,-128
104,-128
105,-128
106,-128
173,-128
174,-128
195,-128
371,-128
55,-129
62,-129
63,-129
78,-129
79,-129
82,-129
86,-129
106,-129
107,-129
174,-129
196,-129
371,-129
55,-130
63,-130
64,-130
79,-130
80,-130
82,-130
83,-130
85,-130
86,-130
107,-130
108,-130
109,-130
110,-130
174,-130
196,-130
197,-130
371,-130
372,-130
56,-131
64,-131
83,-131
110,-131
116,-131
117,-131
175,-131
197,-131
372,-131
373,-131
56,-132
64,-132
81,-132
83,-132
110,-132
111,-132
117,-132
175,-132
176,-132
177,-132
178,-132
197,-132
373,-132
374,-132
56,-133
57,-133
65,-133
81,-133
82,-133
111,-133
112,-133
116,-133
117,-133
178,-133
197,-133
198,-133
375,-133
376,-133
57,-134
58,-134
65,-134
66,-134
82,-134
83,-134
112,-134
113,-134
115,-134
179,-134
198,-134
199,-134
376,-134
58,-135
66,-135
67,-135
84,-135
85,-135
86,-135
113,-135
114,-135
179,-135
180,-135
199,-135
200,-135
377,-135
58,-136
67,-136
68,-136
86,-136
87,-136
88,-136
114,-136
115,-136
116,-136
117,-136
118,-136
119,-136
180,-136
181,-136
182,-136
201,-136
377,-136
56,-137
57,-137
68,-137
88,-137
115,-137
116,-137
119,-137
120,-137
182,-137
183,-137
184,-137
201,-137
378,-137
56,-138
67,-138
68,-138
88,-138
89,-138
116,-138
120,-138
184,-138
201,-138
202,-138
378,-138
55,-139
65,-139
66,-139
67,-139
89,-139
116,-139
120,-139
121,-139
184,-139
202,-139
203,-139
379,-139
54,-140
55,-140
62,-140
63,-140
64,-140
89,-140
90,-140
115,-140
121,-140
184,-140
203,-140
204,-140
379,-140
380,-140
54,-141
61,-141
62,-141
90,-141
91,-141
92,-141
121,-141
122,-141
184,-141
204,-141
205,-141
380,-141
381,-141
54,-142
61,-142
92,-142
93,-142
116,-142
122,-142
123,-142
185,-142
205,-142
381,-142
54,-143
55,-143
61,-143
93,-143
94,-143
117,-143
123,-143
124,-143
126,-143
127,-143
185,-143
205,-143
206,-143
207,-143
382,-143
55,-144
61,-144
94,-144
95,-144
116,-144
117,-144
124,-144
125,-144
127,-144
128,-144
186,-144
206,-144
383,-144
384,-144
54,-145
60,-145
61,-145
95,-145
96,-145
97,-145
115,-145
116,-145
128,-145
187,-145
206,-145
218,-145
385,-145
54,-146
97,-146
98,-146
114,-146
115,-146
128,-146
186,-146
205,-146
218,-146
386,-146
53,-147
59,-147
60,-147
98,-147
115,-147
128,-147
129,-147
186,-147
187,-147
188,-147
206,-147
218,-147
386,-147
52,-148
59,-148
60,-148
98,-148
99,-148
100,-148
115,-148
116,-148
129,-148
130,-148
131,-148
188,-148
189,-148
206,-148
207,-148
217,-148
218,-148
386,-148
387,-148
52,-149
59,-149
100,-149
101,-149
116,-149
131,-149
189,-149
207,-149
208,-149
209,-149
217,-149
388,-149
389,-149
51,-150
59,-150
101,-150
102,-150
116,-150
131,-150
132,-150
188,-150
189,-150
209,-150
217,-150
390,-150
51,-151
59,-151
102,-151
104,-151
105,-151
116,-151
132,-151
133,-151
187,-151
188,-151
190,-151
209,-151
217,-151
390,-151
391,-151
51,-152
59,-152
102,-152
103,-152
105,-152
106,-152
116,-152
133,-152
187,-152
190,-152
191,-152
192,-152
193,-152
209,-152
217,-152
218,-152
391,-152
392,-152
51,-153
60,-153
106,-153
115,-153
133,-153
187,-153
193,-153
194,-153
209,-153
217,-153
393,-153
394,-153
395,-153
51,-154
60,-154
106,-154
115,-154
133,-154
134,-154
187,-154
194,-154
195,-154
196,-154
197,-154
209,-154
218,-154
395,-154
396,-154
397,-154
51,-155
59,-155
106,-155
115,-155
134,-155
135,-155
187,-155
197,-155
198,-155
199,-155
200,-155
201,-155
202,-155
209,-155
210,-155
218,-155
398,-155
399,-155
52,-156
60,-156
106,-156
115,-156
136,-156
137,-156
138,-156
187,-156
202,-156
203,-156
211,-156
212,-156
213,-156
218,-156
399,-156
53,-157
60,-157
61,-157
106,-157
107,-157
108,-157
109,-157
110,-157
115,-157
138,-157
187,-157
203,-157
204,-157
213,-157
214,-157
218,-157
400,-157
54,-158
61,-158
110,-158
138,-158
139,-158
204,-158
205,-158
206,-158
214,-158
218,-158
399,-158
54,-159
60,-159
61,-159
110,-159
111,-159
112,-159
139,-159
140,-159
141,-159
143,-159
206,-159
214,-159
215,-159
217,-159
400,-159
54,-160
61,-160
62,-160
112,-160
113,-160
142,-160
143,-160
144,-160
206,-160
207,-160
215,-160
217,-160
401,-160
402,-160
403,-160
54,-161
55,-161
62,-161
113,-161
114,-161
144,-161
207,-161
218,-161
404,-161
55,-162
62,-162
114,-162
116,-162
117,-162
144,-162
145,-162
146,-162
207,-162
218,-162
219,-162
405,-162
56,-163
62,-163
114,-163
115,-163
117,-163
146,-163
147,-163
208,-163
217,-163
219,-163
220,-163
221,-163
222,-163
223,-163
224,-163
225,-163
226,-163
405,-163
406,-163
55,-164
63,-164
115,-164
116,-164
117,-164
148,-164
149,-164
150,-164
208,-164
209,-164
210,-164
226,-164
227,-164
228,-164
229,-164
230,-164
231,-164
232,-164
233,-164
406,-164
407,-164
56,-165
63,-165
64,-165
65,-165
116,-165
117,-165
118,-165
150,-165
151,-165
210,-165
233,-165
407,-165
56,-166
65,-166
119,-166
120,-166
151,-166
210,-166
234,-166
408,-166
409,-166
57,-167
65,-167
120,-167
121,-167
152,-167
153,-167
154,-167
155,-167
156,-167
157,-167
158,-167
210,-167
234,-167
235,-167
236,-167
237,-167
238,-167
410,-167
411,-167
57,-168
65,-168
66,-168
67,-168
121,-168
122,-168
156,-168
158,-168
210,-168
238,-168
239,-168
240,-168
411,-168
412,-168
58,-169
67,-169
68,-169
122,-169
123,-169
159,-169
211,-169
212,-169
241,-169
242,-169
243,-169
244,-169
412,-169
58,-170
59,-170
68,-170
69,-170
70,-170
71,-170
72,-170
123,-170
158,-170
159,-170
244,-170
413,-170
59,-171
60,-171
72,-171
73,-171
123,-171
124,-171
159,-171
160,-171
161,-171
210,-171
211,-171
245,-171
414,-171
415,-171
60,-172
73,-172
74,-172
75,-172
125,-172
126,-172
161,-172
162,-172
211,-172
245,-172
415,-172
61,-173
75,-173
126,-173
127,-173
162,-173
164,-173
212,-173
245,-173
246,-173
415,-173
61,-174
62,-174
63,-174
75,-174
127,-174
162,-174
163,-174
164,-174
165,-174
212,-174
213,-174
246,-174
416,-174
64,-175
65,-175
75,-175
128,-175
165,-175
166,-175
213,-175
246,-175
416,-175
417,-175
66,-176
67,-176
75,-176
128,-176
129,-176
166,-176
167,-176
168,-176
212,-176
213,-176
246,-176
247,-176
417,-176
418,-176
419,-176
68,-177
74,-177
130,-177
131,-177
132,-177
168,-177
169,-177
247,-177
68,-178
74,-178
132,-178
133,-178
134,-178
169,-178
170,-178
213,-178
214,-178
247,-178
420,-178
68,-179
74,-179
133,-179
134,-179
135,-179
170,-179
171,-179
172,-179
214,-179
247,-179
420,-179
421,-179
67,-180
75,-180
135,-180
136,-180
172,-180
173,-180
214,-180
215,-180
248,-180
421,-180
67,-181
75,-181
136,-181
137,-181
174,-181
215,-181
248,-181
422,-181
67,-182
74,-182
75,-182
137,-182
138,-182
139,-182
174,-182
175,-182
216,-182
248,-182
249,-182
422,-182
423,-182
67,-183
74,-183
137,-183
140,-183
175,-183
176,-183
216,-183
217,-183
249,-183
424,-183
67,-184
73,-184
74,-184
138,-184
139,-184
140,-184
176,-184
218,-184
219,-184
249,-184
424,-184
67,-185
74,-185
140,-185
141,-185
176,-185
177,-185
178,-185
179,-185
180,-185
181,-185
218,-185
219,-185
220,-185
249,-185
424,-185
67,-186
74,-186
141,-186
142,-186
143,-186
144,-186
181,-186
182,-186
217,-186
220,-186
250,-186
425,-186
66,-187
74,-187
144,-187
145,-187
182,-187
217,-187
220,-187
221,-187
222,-187
223,-187
250,-187
253,-187
254,-187
425,-187
426,-187
66,-188
74,-188
145,-188
146,-188
182,-188
217,-188
223,-188
224,-188
250,-188
251,-188
252,-188
254,-188
426,-188
65,-189
74,-189
146,-189
147,-189
182,-189
183,-189
184,-189
217,-189
224,-189
225,-189
226,-189
227,-189
254,-189
255,-189
257,-189
258,-189
426,-189
66,-190
73,-190
74,-190
147,-190
148,-190
184,-190
185,-190
217,-190
228,-190
229,-190
230,-190
231,-190
255,-190
256,-190
258,-190
409,-190
410,-190
427,-190
67,-191
73,-191
148,-191
149,-191
150,-191
185,-191
186,-191
231,-191
232,-191
233,-191
234,-191
235,-191
236,-191
258,-191
259,-191
410,-191
428,-191
429,-191
67,-192
73,-192
151,-192
152,-192
186,-192
187,-192
188,-192
237,-192
238,-192
239,-192
240,-192
241,-192
259,-192
410,-192
430,-192
67,-193
73,-193
152,-193
153,-193
188,-193
189,-193
241,-193
242,-193
243,-193
244,-193
245,-193
246,-193
259,-193
410,-193
429,-193
67,-194
73,-194
153,-194
154,-194
155,-194
189,-194
190,-194
191,-194
247,-194
248,-194
249,-194
260,-194
410,-194
429,-194
67,-195
73,-195
155,-195
191,-195
249,-195
250,-195
260,-195
261,-195
410,-195
429,-195
430,-195
431,-195
432,-195
67,-196
73,-196
74,-196
75,-196
155,-196
156,-196
192,-196
250,-196
251,-196
261,-196
262,-196
263,-196
409,-196
410,-196
432,-196
68,-197
75,-197
76,-197
77,-197
78,-197
79,-197
157,-197
158,-197
192,-197
193,-197
251,-197
263,-197
264,-197
408,-197
409,-197
433,-197
67,-198
79,-198
80,-198
158,-198
159,-198
193,-198
194,-198
195,-198
251,-198
264,-198
265,-198
408,-198
433,-198
68,-199
80,-199
81,-199
82,-199
85,-199
86,-199
87,-199
88,-199
159,-199
160,-199
161,-199
162,-199
195,-199
251,-199
265,-199
408,-199
433,-199
68,-200
69,-200
70,-200
83,-200
84,-200
89,-200
90,-200
162,-200
163,-200
193,-200
195,-200
196,-200
197,-200
198,-200
199,-200
251,-200
265,-200
408,-200
434,-200
71,-201
90,-201
91,-201
163,-201
194,-201
196,-201
199,-201
200,-201
251,-201
266,-201
267,-201
268,-201
408,-201
434,-201
435,-201
72,-202
91,-202
163,-202
164,-202
165,-202
193,-202
196,-202
197,-202
200,-202
251,-202
269,-202
270,-202
271,-202
407,-202
408,-202
436,-202
72,-203
91,-203
166,-203
193,-203
197,-203
200,-203
201,-203
252,-203
271,-203
272,-203
407,-203
437,-203
73,-204
74,-204
76,-204
92,-204
167,-204
194,-204
201,-204
202,-204
203,-204
252,-204
272,-204
406,-204
437,-204
76,-205
77,-205
79,-205
80,-205
81,-205
82,-205
92,-205
93,-205
167,-205
194,-205
203,-205
204,-205
205,-205
251,-205
272,-205
273,-205
406,-205
437,-205
78,-206
82,-206
83,-206
84,-206
85,-206
86,-206
93,-206
94,-206
167,-206
168,-206
169,-206
170,-206
194,-206
205,-206
206,-206
251,-206
252,-206
274,-206
275,-206
276,-206
277,-206
406,-206
437,-206
87,-207
94,-207
170,-207
171,-207
172,-207
194,-207
195,-207
206,-207
207,-207
252,-207
253,-207
278,-207
279,-207
280,-207
282,-207
283,-207
284,-207
406,-207
437,-207
88,-208
94,-208
172,-208
173,-208
194,-208
207,-208
208,-208
253,-208
254,-208
280,-208
281,-208
282,-208
284,-208
285,-208
286,-208
406,-208
438,-208
87,-209
93,-209
94,-209
173,-209
174,-209
175,-209
176,-209
194,-209
195,-209
196,-209
208,-209
254,-209
255,-209
287,-209
288,-209
289,-209
290,-209
291,-209
292,-209
293,-209
294,-209
295,-209
406,-209
439,-209
440,-209
87,-210
93,-210
176,-210
177,-210
196,-210
208,-210
209,-210
210,-210
256,-210
296,-210
297,-210
406,-210
440,-210
86,-211
93,-211
177,-211
196,-211
210,-211
257,-211
297,-211
298,-211
406,-211
440,-211
86,-212
94,-212
177,-212
178,-212
179,-212
180,-212
181,-212
196,-212
210,-212
211,-212
212,-212
257,-212
260,-212
298,-212
301,-212
406,-212
441,-212
86,-213
94,-213
181,-213
196,-213
212,-213
213,-213
257,-213
258,-213
261,-213
262,-213
298,-213
300,-213
301,-213
302,-213
303,-213
304,-213
406,-213
441,-213
86,-214
94,-214
181,-214
197,-214
213,-214
214,-214
258,-214
260,-214
262,-214
304,-214
305,-214
405,-214
441,-214
86,-215
87,-215
94,-215
181,-215
182,-215
183,-215
197,-215
214,-215
215,-215
262,-215
263,-215
305,-215
306,-215
405,-215
441,-215
87,-216
94,-216
183,-216
184,-216
187,-216
197,-216
215,-216
216,-216
217,-216
263,-216
264,-216
307,-216
404,-216
441,-216
442,-216
443,-216
87,-217
94,-217
95,-217
184,-217
187,-217
188,-217
197,-217
217,-217
218,-217
219,-217
264,-217
307,-217
405,-217
444,-217
445,-217
88,-218
95,-218
96,-218
98,-218
99,-218
185,-218
186,-218
188,-218
189,-218
197,-218
198,-218
219,-218
220,-218
264,-218
265,-218
266,-218
267,-218
268,-218
270,-218
271,-218
272,-218
307,-218
405,-218
445,-218
88,-219
96,-219
97,-219
99,-219
189,-219
198,-219
220,-219
221,-219
269,-219
272,-219
307,-219
370,-219
405,-219
445,-219
89,-220
90,-220
97,-220
98,-220
99,-220
103,-220
104,-220
105,-220
189,-220
190,-220
197,-220
221,-220
222,-220
272,-220
273,-220
307,-220
370,-220
404,-220
405,-220
406,-220
445,-220
90,-221
100,-221
101,-221
102,-221
106,-221
107,-221
108,-221
110,-221
112,-221
190,-221
191,-221
192,-221
223,-221
224,-221
225,-221
273,-221
274,-221
307,-221
318,-221
370,-221
403,-221
404,-221
446,-221
91,-222
108,-222
109,-222
110,-222
112,-222
192,-222
193,-222
225,-222
226,-222
275,-222
276,-222
277,-222
308,-222
318,-222
370,-222
403,-222
447,-222
91,-223
92,-223
111,-223
112,-223
193,-223
195,-223
196,-223
197,-223
223,-223
224,-223
226,-223
277,-223
278,-223
279,-223
280,-223
281,-223
282,-223
283,-223
284,-223
308,-223
318,-223
370,-223
403,-223
447,-223
92,-224
93,-224
112,-224
193,-224
194,-224
195,-224
197,-224
226,-224
227,-224
284,-224
286,-224
287,-224
308,-224
318,-224
370,-224
403,-224
448,-224
94,-225
95,-225
96,-225
97,-225
113,-225
197,-225
198,-225
199,-225
225,-225
228,-225
229,-225
230,-225
285,-225
287,-225
288,-225
308,-225
309,-225
318,-225
448,-225
97,-226
113,-226
114,-226
199,-226
225,-226
231,-226
232,-226
288,-226
289,-226
310,-226
311,-226
317,-226
449,-226
97,-227
98,-227
99,-227
100,-227
101,-227
102,-227
114,-227
200,-227
201,-227
225,-227
233,-227
234,-227
235,-227
289,-227
290,-227
311,-227
314,-227
315,-227
316,-227
450,-227
103,-228
104,-228
105,-228
106,-228
107,-228
115,-228
201,-228
202,-228
205,-228
225,-228
235,-228
236,-228
290,-228
311,-228
312,-228
313,-228
316,-228
317,-228
451,-228
107,-229
108,-229
115,-229
202,-229
205,-229
225,-229
226,-229
236,-229
237,-229
291,-229
317,-229
318,-229
319,-229
451,-229
109,-230
115,-230
202,-230
203,-230
204,-230
205,-230
206,-230
226,-230
227,-230
237,-230
238,-230
291,-230
292,-230
320,-230
321,-230
322,-230
323,-230
324,-230
451,-230
110,-231
115,-231
116,-231
206,-231
207,-231
227,-231
238,-231
292,-231
293,-231
325,-231
326,-231
327,-231
328,-231
329,-231
331,-231
332,-231
333,-231
334,-231
451,-231
452,-231
110,-232
116,-232
207,-232
226,-232
227,-232
239,-232
293,-232
294,-232
295,-232
329,-232
330,-232
331,-232
334,-232
335,-232
336,-232
452,-232
453,-232
110,-233
116,-233
207,-233
208,-233
226,-233
240,-233
241,-233
242,-233
243,-233
295,-233
296,-233
336,-233
337,-233
453,-233
454,-233
109,-234
116,-234
208,-234
209,-234
226,-234
243,-234
244,-234
296,-234
337,-234
338,-234
339,-234
454,-234
455,-234
110,-235
116,-235
210,-235
211,-235
226,-235
227,-235
244,-235
245,-235
296,-235
338,-235
339,-235
340,-235
455,-235
110,-236
116,-236
117,-236
118,-236
211,-236
212,-236
227,-236
228,-236
245,-236
246,-236
296,-236
340,-236
455,-236
110,-237
118,-237
119,-237
212,-237
213,-237
229,-237
246,-237
247,-237
296,-237
297,-237
298,-237
299,-237
300,-237
340,-237
456,-237
110,-238
111,-238
112,-238
119,-238
120,-238
213,-238
214,-238
229,-238
247,-238
297,-238
300,-238
301,-238
341,-238
456,-238
457,-238
113,-239
120,-239
121,-239
215,-239
216,-239
229,-239
248,-239
249,-239
297,-239
301,-239
341,-239
457,-239
112,-240
121,-240
216,-240
217,-240
229,-240
250,-240
251,-240
297,-240
301,-240
341,-240
342,-240
346,-240
347,-240
457,-240
112,-241
122,-241
217,-241
218,-241
219,-241
220,-241
229,-241
251,-241
297,-241
301,-241
302,-241
303,-241
304,-241
305,-241
343,-241
344,-241
345,-241
347,-241
348,-241
349,-241
350,-241
351,-241
457,-241
112,-242
122,-242
123,-242
220,-242
230,-242
251,-242
297,-242
298,-242
305,-242
306,-242
352,-242
353,-242
354,-242
355,-242
457,-242
458,-242
459,-242
112,-243
113,-243
115,-243
123,-243
124,-243
221,-243
230,-243
251,-243
252,-243
253,-243
254,-243
298,-243
299,-243
306,-243
307,-243
355,-243
356,-243
357,-243
460,-243
461,-243
114,-244
124,-244
125,-244
126,-244
127,-244
221,-244
222,-244
223,-244
230,-244
254,-244
255,-244
256,-244
299,-244
307,-244
308,-244
309,-244
310,-244
358,-244
359,-244
461,-244
115,-245
127,-245
223,-245
224,-245
225,-245
231,-245
256,-245
299,-245
310,-245
311,-245
359,-245
360,-245
361,-245
462,-245
116,-246
117,-246
127,-246
128,-246
129,-246
130,-246
225,-246
226,-246
230,-246
256,-246
257,-246
258,-246
259,-246
260,-246
261,-246
311,-246
361,-246
362,-246
462,-246
117,-247
130,-247
131,-247
133,-247
226,-247
230,-247
261,-247
312,-247
362,-247
363,-247
463,-247
118,-248
132,-248
133,-248
134,-248
135,-248
136,-248
137,-248
138,-248
139,-248
140,-248
226,-248
227,-248
261,-248
312,-248
362,-248
363,-248
463,-248
118,-249
119,-249
120,-249
121,-249
122,-249
141,-249
142,-249
227,-249
228,-249
229,-249
261,-249
262,-249
312,-249
313,-249
314,-249
315,-249
363,-249
364,-249
464,-249
465,-249
122,-250
123,-250
124,-250
142,-250
143,-250
230,-250
231,-250
262,-250
263,-250
315,-250
316,-250
364,-250
465,-250
143,-251
144,-251
231,-251
263,-251
264,-251
265,-251
316,-251
317,-251
318,-251
319,-251
320,-251
321,-251
364,-251
365,-251
465,-251
467,-251
468,-251
125,-252
127,-252
128,-252
144,-252
231,-252
232,-252
265,-252
266,-252
267,-252
268,-252
321,-252
323,-252
324,-252
365,-252
468,-252
126,-253
129,-253
130,-253
144,-253
232,-253
233,-253
234,-253
235,-253
268,-253
269,-253
322,-253
323,-253
325,-253
326,-253
327,-253
365,-253
366,-253
367,-253
468,-253
130,-254
131,-254
132,-254
133,-254
135,-254
136,-254
144,-254
235,-254
236,-254
269,-254
270,-254
327,-254
328,-254
329,-254
330,-254
331,-254
365,-254
367,-254
468,-254
469,-254
134,-255
137,-255
144,-255
145,-255
237,-255
238,-255
270,-255
271,-255
324,-255
332,-255
333,-255
365,-255
366,-255
367,-255
468,-255
470,-255
471,-255
138,-256
145,-256
238,-256
271,-256
272,-256
273,-256
325,-256
333,-256
334,-256
345,-256
346,-256
347,-256
365,-256
471,-256
138,-257
145,-257
146,-257
239,-257
273,-257
274,-257
325,-257
334,-257
335,-257
336,-257
337,-257
338,-257
339,-257
340,-257
341,-257
342,-257
343,-257
344,-257
347,-257
348,-257
365,-257
472,-257
473,-257
139,-258
146,-258
239,-258
240,-258
241,-258
274,-258
275,-258
325,-258
349,-258
352,-258
353,-258
354,-258
355,-258
356,-258
357,-258
358,-258
359,-258
360,-258
361,-258
362,-258
363,-258
364,-258
365,-258
473,-258
140,-259
146,-259
241,-259
242,-259
275,-259
276,-259
277,-259
278,-259
326,-259
350,-259
351,-259
352,-259
473,-259
140,-260
146,-260
242,-260
279,-260
326,-260
327,-260
474,-260
140,-261
147,-261
242,-261
243,-261
244,-261
245,-261
246,-261
247,-261
279,-261
280,-261
281,-261
327,-261
328,-261
475,-261
140,-262
147,-262
148,-262
247,-262
281,-262
282,-262
328,-262
476,-262
140,-263
148,-263
149,-263
150,-263
247,-263
282,-263
283,-263
284,-263
285,-263
328,-263
476,-263
477,-263
141,-264
142,-264
150,-264
247,-264
248,-264
249,-264
250,-264
286,-264
287,-264
328,-264
477,-264
142,-265
150,-265
250,-265
287,-265
288,-265
289,-265
328,-265
477,-265
142,-266
144,-266
150,-266
151,-266
250,-266
288,-266
328,-266
478,-266
142,-267
145,-267
151,-267
152,-267
153,-267
154,-267
250,-267
251,-267
288,-267
289,-267
292,-267
293,-267
294,-267
328,-267
374,-267
478,-267
479,-267
144,-268
145,-268
154,-268
155,-268
251,-268
252,-268
289,-268
290,-268
291,-268
294,-268
328,-268
374,-268
479,-268
480,-268
144,-269
155,-269
156,-269
253,-269
254,-269
294,-269
329,-269
374,-269
480,-269
144,-270
145,-270
156,-270
157,-270
254,-270
255,-270
294,-270
295,-270
296,-270
297,-270
298,-270
329,-270
374,-270
481,-270
145,-271
146,-271
157,-271
255,-271
298,-271
299,-271
300,-271
329,-271
330,-271
375,-271
481,-271
482,-271
146,-272
147,-272
158,-272
163,-272
164,-272
255,-272
256,-272
257,-272
300,-272
330,-272
331,-272
375,-272
376,-272
482,-272
147,-273
148,-273
149,-273
158,-273
159,-273
160,-273
161,-273
162,-273
164,-273
165,-273
257,-273
258,-273
259,-273
260,-273
261,-273
300,-273
301,-273
302,-273
331,-273
376,-273
482,-273
150,-274
151,-274
165,-274
166,-274
167,-274
168,-274
169,-274
258,-274
261,-274
262,-274
303,-274
304,-274
305,-274
331,-274
376,-274
482,-274
483,-274
152,-275
153,-275
169,-275
170,-275
171,-275
172,-275
173,-275
174,-275
262,-275
306,-275
307,-275
308,-275
331,-275
376,-275
484,-275
154,-276
174,-276
175,-276
262,-276
263,-276
264,-276
265,-276
309,-276
310,-276
311,-276
331,-276
332,-276
376,-276
485,-276
155,-277
175,-277
176,-277
177,-277
178,-277
265,-277
266,-277
311,-277
312,-277
313,-277
314,-277
315,-277
316,-277
332,-277
333,-277
485,-277
486,-277
155,-278
156,-278
157,-278
158,-278
159,-278
178,-278
179,-278
266,-278
267,-278
313,-278
316,-278
317,-278
318,-278
319,-278
320,-278
321,-278
334,-278
487,-278
159,-279
160,-279
179,-279
180,-279
267,-279
268,-279
269,-279
313,-279
321,-279
322,-279
334,-279
488,-279
161,-280
162,-280
163,-280
164,-280
166,-280
180,-280
269,-280
270,-280
314,-280
315,-280
322,-280
323,-280
324,-280
325,-280
334,-280
488,-280
489,-280
165,-281
167,-281
168,-281
169,-281
170,-281
171,-281
181,-281
271,-281
272,-281
273,-281
315,-281
316,-281
325,-281
326,-281
327,-281
334,-281
489,-281
490,-281
172,-282
173,-282
180,-282
273,-282
316,-282
327,-282
328,-282
334,-282
335,-282
490,-282
173,-283
180,-283
273,-283
317,-283
328,-283
329,-283
330,-283
331,-283
332,-283
334,-283
485,-283
486,-283
487,-283
490,-283
174,-284
179,-284
180,-284
181,-284
273,-284
274,-284
317,-284
332,-284
333,-284
334,-284
335,-284
483,-284
484,-284
485,-284
490,-284
174,-285
175,-285
181,-285
275,-285
276,-285
277,-285
278,-285
317,-285
334,-285
336,-285
337,-285
482,-285
483,-285
491,-285
492,-285
175,-286
182,-286
278,-286
279,-286
317,-286
478,-286
479,-286
480,-286
481,-286
482,-286
493,-286
494,-286
175,-287
182,-287
280,-287
281,-287
282,-287
283,-287
317,-287
318,-287
337,-287
338,-287
339,-287
478,-287
494,-287
495,-287
175,-288
182,-288
283,-288
319,-288
337,-288
339,-288
340,-288
476,-288
477,-288
478,-288
495,-288
175,-289
176,-289
182,-289
183,-289
184,-289
282,-289
320,-289
337,-289
340,-289
341,-289
342,-289
471,-289
472,-289
473,-289
474,-289
475,-289
476,-289
495,-289
176,-290
184,-290
185,-290
282,-290
283,-290
284,-290
320,-290
337,-290
338,-290
342,-290
470,-290
471,-290
494,-290
176,-291
185,-291
285,-291
286,-291
319,-291
320,-291
338,-291
342,-291
343,-291
344,-291
345,-291
346,-291
470,-291
495,-291
177,-292
185,-292
286,-292
287,-292
320,-292
321,-292
338,-292
346,-292
469,-292
470,-292
495,-292
496,-292
497,-292
177,-293
178,-293
185,-293
186,-293
287,-293
288,-293
289,-293
321,-293
322,-293
338,-293
346,-293
347,-293
463,-293
465,-293
467,-293
468,-293
469,-293
497,-293
178,-294
186,-294
187,-294
188,-294
289,-294
290,-294
291,-294
322,-294
338,-294
339,-294
348,-294
349,-294
350,-294
461,-294
462,-294
464,-294
466,-294
497,-294
179,-295
188,-295
189,-295
190,-295
291,-295
321,-295
322,-295
339,-295
340,-295
350,-295
351,-295
352,-295
353,-295
354,-295
460,-295
461,-295
497,-295
179,-296
190,-296
191,-296
192,-296
193,-296
194,-296
195,-296
196,-296
203,-296
205,-296
289,-296
291,-296
292,-296
340,-296
341,-296
354,-296
355,-296
357,-296
358,-296
359,-296
360,-296
361,-296
459,-296
460,-296
497,-296
179,-297
180,-297
196,-297
197,-297
198,-297
199,-297
200,-297
201,-297
203,-297
204,-297
205,-297
206,-297
292,-297
320,-297
321,-297
322,-297
323,-297
341,-297
355,-297
356,-297
361,-297
362,-297
363,-297
455,-297
456,-297
457,-297
458,-297
497,-297
181,-298
202,-298
206,-298
207,-298
208,-298
209,-298
292,-298
293,-298
294,-298
323,-298
341,-298
358,-298
359,-298
360,-298
362,-298
364,-298
365,-298
366,-298
452,-298
453,-298
454,-298
455,-298
498,-298
182,-299
209,-299
294,-299
295,-299
296,-299
297,-299
324,-299
341,-299
366,-299
367,-299
368,-299
369,-299
370,-299
371,-299
389,-299
451,-299
452,-299
498,-299
183,-300
184,-300
209,-300
210,-300
297,-300
298,-300
324,-300
341,-300
342,-300
367,-300
371,-300
372,-300
390,-300
391,-300
450,-300
451,-300
498,-300
184,-301
185,-301
186,-301
187,-301
188,-301
210,-301
211,-301
299,-301
300,-301
324,-301
325,-301
342,-301
368,-301
372,-301
373,-301
375,-301
376,-301
377,-301
378,-301
391,-301
392,-301
447,-301
448,-301
449,-301
497,-301
189,-302
190,-302
212,-302
213,-302
300,-302
301,-302
325,-302
326,-302
342,-302
343,-302
374,-302
378,-302
382,-302
392,-302
417,-302
418,-302
436,-302
441,-302
442,-302
444,-302
445,-302
446,-302
497,-302
190,-303
191,-303
192,-303
213,-303
301,-303
302,-303
326,-303
343,-303
344,-303
379,-303
380,-303
382,-303
383,-303
391,-303
400,-303
418,-303
436,-303
437,-303
438,-303
441,-303
443,-303
444,-303
497,-303
193,-304
194,-304
195,-304
196,-304
197,-304
198,-304
201,-304
212,-304
302,-304
303,-304
326,-304
327,-304
344,-304
381,-304
383,-304
384,-304
385,-304
386,-304
387,-304
390,-304
399,-304
401,-304
418,-304
431,-304
432,-304
433,-304
434,-304
438,-304
441,-304
497,-304
198,-305
199,-305
200,-305
201,-305
202,-305
203,-305
212,-305
304,-305
305,-305
306,-305
307,-305
308,-305
327,-305
328,-305
344,-305
388,-305
389,-305
390,-305
391,-305
392,-305
393,-305
394,-305
399,-305
417,-305
418,-305
421,-305
422,-305
423,-305
426,-305
427,-305
428,-305
429,-305
430,-305
434,-305
435,-305
436,-305
438,-305
439,-305
440,-305
441,-305
496,-305
497,-305
204,-306
212,-306
308,-306
309,-306
328,-306
329,-306
345,-306
394,-306
396,-306
397,-306
398,-306
399,-306
400,-306
401,-306
402,-306
404,-306
405,-306
406,-306
407,-306
408,-306
411,-306
412,-306
413,-306
414,-306
415,-306
416,-306
417,-306
420,-306
421,-306
424,-306
425,-306
437,-306
492,-306
494,-306
495,-306
205,-307
212,-307
213,-307
309,-307
310,-307
329,-307
345,-307
394,-307
395,-307
401,-307
402,-307
403,-307
404,-307
408,-307
409,-307
410,-307
419,-307
420,-307
491,-307
493,-307
206,-308
213,-308
310,-308
311,-308
312,-308
313,-308
329,-308
330,-308
346,-308
394,-308
419,-308
490,-308
207,-309
214,-309
313,-309
314,-309
330,-309
331,-309
346,-309
395,-309
420,-309
489,-309
490,-309
207,-310
214,-310
215,-310
315,-310
316,-310
331,-310
332,-310
346,-310
347,-310
395,-310
420,-310
488,-310
489,-310
207,-311
215,-311
216,-311
235,-311
236,-311
237,-311
316,-311
317,-311
319,-311
320,-311
332,-311
333,-311
334,-311
347,-311
395,-311
396,-311
420,-311
421,-311
482,-311
483,-311
487,-311
488,-311
207,-312
216,-312
217,-312
225,-312
226,-312
227,-312
228,-312
235,-312
237,-312
238,-312
317,-312
318,-312
320,-312
321,-312
322,-312
334,-312
347,-312
396,-312
397,-312
420,-312
421,-312
481,-312
483,-312
484,-312
485,-312
486,-312
208,-313
209,-313
217,-313
218,-313
219,-313
220,-313
221,-313
222,-313
223,-313
224,-313
225,-313
228,-313
229,-313
230,-313
234,-313
235,-313
239,-313
240,-313
322,-313
323,-313
334,-313
347,-313
348,-313
397,-313
421,-313
480,-313
209,-314
221,-314
222,-314
231,-314
232,-314
233,-314
234,-314
240,-314
241,-314
323,-314
324,-314
325,-314
326,-314
327,-314
334,-314
348,-314
349,-314
397,-314
421,-314
422,-314
423,-314
480,-314
210,-315
222,-315
223,-315
224,-315
225,-315
226,-315
227,-315
228,-315
241,-315
327,-315
328,-315
335,-315
349,-315
350,-315
397,-315
423,-315
479,-315
480,-315
210,-316
211,-316
241,-316
328,-316
329,-316
330,-316
331,-316
350,-316
397,-316
398,-316
423,-316
475,-316
476,-316
477,-316
478,-316
211,-317
212,-317
214,-317
215,-317
241,-317
242,-317
332,-317
333,-317
350,-317
398,-317
399,-317
400,-317
422,-317
474,-317
475,-317
212,-318
213,-318
215,-318
242,-318
333,-318
334,-318
351,-318
400,-318
401,-318
422,-318
423,-318
470,-318
471,-318
472,-318
473,-318
213,-319
214,-319
230,-319
231,-319
232,-319
233,-319
242,-319
334,-319
335,-319
351,-319
401,-319
424,-319
425,-319
426,-319
466,-319
467,-319
468,-319
469,-319
214,-320
215,-320
216,-320
217,-320
218,-320
229,-320
230,-320
234,-320
235,-320
242,-320
335,-320
336,-320
337,-320
338,-320
339,-320
351,-320
352,-320
401,-320
402,-320
426,-320
465,-320
219,-321
220,-321
221,-321
222,-321
223,-321
224,-321
225,-321
226,-321
227,-321
228,-321
229,-321
235,-321
236,-321
242,-321
243,-321
336,-321
339,-321
340,-321
352,-321
402,-321
403,-321
404,-321
426,-321
465,-321
236,-322
243,-322
340,-322
341,-322
342,-322
343,-322
344,-322
353,-322
404,-322
427,-322
460,-322
461,-322
462,-322
463,-322
464,-322
237,-323
243,-323
244,-323
344,-323
345,-323
346,-323
347,-323
404,-323
427,-323
459,-323
238,-324
244,-324
245,-324
348,-324
349,-324
350,-324
354,-324
404,-324
405,-324
427,-324
428,-324
454,-324
455,-324
456,-324
457,-324
458,-324
459,-324
238,-325
245,-325
246,-325
268,-325
269,-325
270,-325
350,-325
351,-325
352,-325
353,-325
354,-325
355,-325
405,-325
428,-325
442,-325
443,-325
444,-325
445,-325
446,-325
451,-325
452,-325
453,-325
238,-326
246,-326
247,-326
248,-326
249,-326
250,-326
267,-326
268,-326
270,-326
271,-326
272,-326
355,-326
356,-326
357,-326
358,-326
359,-326
360,-326
361,-326
405,-326
406,-326
428,-326
429,-326
442,-326
447,-326
448,-326
449,-326
450,-326
451,-326
239,-327
250,-327
251,-327
265,-327
266,-327
267,-327
272,-327
273,-327
361,-327
362,-327
363,-327
365,-327
366,-327
371,-327
376,-327
377,-327
378,-327
406,-327
432,-327
433,-327
434,-327
435,-327
436,-327
437,-327
438,-327
439,-327
441,-327
240,-328
251,-328
252,-328
253,-328
260,-328
261,-328
262,-328
263,-328
264,-328
265,-328
273,-328
363,-328
364,-328
367,-328
368,-328
369,-328
370,-328
372,-328
373,-328
374,-328
375,-328
379,-328
380,-328
407,-328
428,-328
429,-328
430,-328
431,-328
440,-328
240,-329
254,-329
255,-329
256,-329
257,-329
258,-329
259,-329
273,-329
274,-329
380,-329
381,-329
383,-329
384,-329
385,-329
386,-329
387,-329
388,-329
422,-329
423,-329
424,-329
425,-329
426,-329
427,-329
240,-330
256,-330
258,-330
274,-330
370,-330
375,-330
376,-330
377,-330
378,-330
379,-330
381,-330
382,-330
383,-330
389,-330
390,-330
392,-330
393,-330
394,-330
395,-330
396,-330
397,-330
398,-330
399,-330
400,-330
401,-330
402,-330
403,-330
404,-330
405,-330
406,-330
407,-330
408,-330
409,-330
410,-330
411,-330
412,-330
413,-330
414,-330
416,-330
417,-330
418,-330
419,-330
420,-330
421,-330
422,-330
241,-331
275,-331
370,-331
390,-331
391,-331
392,-331
403,-331
415,-331
242,-332
243,-332
244,-332
245,-332
246,-332
247,-332
275,-332
276,-332
340,-332
341,-332
342,-332
343,-332
344,-332
368,-332
369,-332
370,-332
403,-332
247,-333
267,-333
268,-333
276,-333
277,-333
278,-333
339,-333
340,-333
343,-333
345,-333
366,-333
367,-333
368,-333
401,-333
402,-333
403,-333
247,-334
249,-334
250,-334
251,-334
252,-334
253,-334
266,-334
269,-334
270,-334
278,-334
279,-334
302,-334
303,-334
304,-334
305,-334
306,-334
307,-334
308,-334
309,-334
310,-334
338,-334
339,-334
343,-334
345,-334
365,-334
366,-334
400,-334
401,-334
247,-335
248,-335
254,-335
255,-335
256,-335
257,-335
260,-335
261,-335
262,-335
263,-335
264,-335
265,-335
270,-335
279,-335
280,-335
281,-335
301,-335
302,-335
304,-335
310,-335
311,-335
338,-335
343,-335
344,-335
365,-335
378,-335
379,-335
380,-335
398,-335
399,-335
400,-335
258,-336
259,-336
271,-336
281,-336
282,-336
301,-336
302,-336
311,-336
337,-336
344,-336
345,-336
364,-336
365,-336
373,-336
374,-336
375,-336
376,-336
377,-336
378,-336
380,-336
381,-336
382,-336
396,-336
397,-336
271,-337
282,-337
283,-337
284,-337
285,-337
286,-337
290,-337
291,-337
292,-337
293,-337
299,-337
300,-337
301,-337
311,-337
312,-337
313,-337
337,-337
345,-337
346,-337
351,-337
352,-337
353,-337
354,-337
355,-337
361,-337
362,-337
363,-337
364,-337
371,-337
372,-337
383,-337
384,-337
385,-337
386,-337
387,-337
388,-337
389,-337
390,-337
393,-337
394,-337
395,-337
272,-338
273,-338
275,-338
286,-338
287,-338
288,-338
289,-338
290,-338
294,-338
295,-338
296,-338
297,-338
298,-338
313,-338
314,-338
336,-338
337,-338
346,-338
347,-338
348,-338
350,-338
351,-338
356,-338
357,-338
358,-338
359,-338
360,-338
361,-338
370,-338
371,-338
391,-338
392,-338
275,-339
295,-339
314,-339
315,-339
317,-339
331,-339
332,-339
333,-339
334,-339
335,-339
336,-339
348,-339
349,-339
350,-339
369,-339
370,-339
275,-340
315,-340
316,-340
318,-340
319,-340
322,-340
324,-340
327,-340
330,-340
331,-340
335,-340
367,-340
368,-340
275,-341
276,-341
277,-341
278,-341
304,-341
306,-341
320,-341
321,-341
323,-341
324,-341
325,-341
326,-341
328,-341
329,-341
330,-341
366,-341
367,-341
278,-342
279,-342
302,-342
303,-342
305,-342
307,-342
308,-342
309,-342
324,-342
326,-342
340,-342
341,-342
342,-342
343,-342
344,-342
345,-342
366,-342
279,-343
280,-343
281,-343
282,-343
283,-343
288,-343
289,-343
290,-343
302,-343
310,-343
311,-343
338,-343
339,-343
346,-343
347,-343
363,-343
366,-343
283,-344
284,-344
285,-344
286,-344
287,-344
291,-344
292,-344
297,-344
298,-344
299,-344
300,-344
301,-344
311,-344
312,-344
337,-344
338,-344
347,-344
348,-344
355,-344
361,-344
362,-344
364,-344
365,-344
366,-344
293,-345
294,-345
295,-345
296,-345
312,-345
337,-345
348,-345
349,-345
353,-345
354,-345
356,-345
357,-345
358,-345
359,-345
360,-345
361,-345
313,-346
317,-346
318,-346
319,-346
320,-346
329,-346
330,-346
331,-346
332,-346
336,-346
337,-346
350,-346
351,-346
352,-346
314,-347
315,-347
316,-347
320,-347
327,-347
328,-347
333,-347
334,-347
335,-347
320,-348
322,-348
323,-348
324,-348
325,-348
326,-348
327,-348
320,-349
321,-349
